{
  "cka": {
    "layer_0": {
      "mean": 0.9720266759395599,
      "std": 0.0033932027914988796
    },
    "layer_1": {
      "mean": 0.9474254151185354,
      "std": 0.0035331086836951123
    },
    "layer_2": {
      "mean": 0.9315889080365499,
      "std": 0.015137629993023897
    },
    "layer_3": {
      "mean": 0.9420732160409292,
      "std": 0.0018634527145115801
    },
    "layer_4": {
      "mean": 0.9083948532740275,
      "std": 0.018432138490528844
    },
    "layer_5": {
      "mean": 0.951342930396398,
      "std": 0.0011543897270996552
    }
  },
  "mmcs": {
    "layer_0": {
      "mean": 0.8634305894374847,
      "std": 0.003798639634449783
    },
    "layer_1": {
      "mean": 0.7670821249485016,
      "std": 0.007121824601845577
    },
    "layer_2": {
      "mean": 0.7008518576622009,
      "std": 0.002318365964917399
    },
    "layer_3": {
      "mean": 0.6971085667610168,
      "std": 0.0033172220105588276
    },
    "layer_4": {
      "mean": 0.6838063597679138,
      "std": 0.016031197649909325
    },
    "layer_5": {
      "mean": 0.613470325867335,
      "std": 0.001956157726416946
    }
  },
  "pr": {
    "layer_0": 10.036535263061523,
    "layer_1": 19.4013671875,
    "layer_2": 21.865589141845703,
    "layer_3": 21.942413330078125,
    "layer_4": 20.658416748046875,
    "layer_5": 16.40245819091797
  },
  "val_ppl": {
    "per_seed": {
      "baseline_s0": 7.356249277045272,
      "baseline_s1": 7.330460677076261,
      "baseline_s2": 7.312107677490322,
      "baseline_s3": 7.367385220396147
    },
    "mean": 7.341550713002,
    "std": 0.021641111305848754
  }
}