{
  "cka": {
    "layer_0": {
      "mean": 0.9718937973181406,
      "std": 0.0031328794859590875
    },
    "layer_1": {
      "mean": 0.9475641349951426,
      "std": 0.0034538779496230045
    },
    "layer_2": {
      "mean": 0.9291574060916901,
      "std": 0.015329912507198768
    },
    "layer_3": {
      "mean": 0.9416129291057587,
      "std": 0.0022978482118164887
    },
    "layer_4": {
      "mean": 0.9090637962023417,
      "std": 0.020440892615090425
    },
    "layer_5": {
      "mean": 0.9513356784979502,
      "std": 0.0010472789329741136
    }
  },
  "mmcs": {
    "layer_0": {
      "mean": 0.8633293310801188,
      "std": 0.005138227618298033
    },
    "layer_1": {
      "mean": 0.764563133319219,
      "std": 0.005462371441312037
    },
    "layer_2": {
      "mean": 0.6965114772319794,
      "std": 0.0022632435664503435
    },
    "layer_3": {
      "mean": 0.694775919119517,
      "std": 0.003454238205129781
    },
    "layer_4": {
      "mean": 0.6818635761737823,
      "std": 0.01572553504952629
    },
    "layer_5": {
      "mean": 0.6133776009082794,
      "std": 0.0018528319522901086
    }
  },
  "pr": {
    "layer_0": 10.002914428710938,
    "layer_1": 19.523426055908203,
    "layer_2": 21.90656280517578,
    "layer_3": 21.970367431640625,
    "layer_4": 21.027202606201172,
    "layer_5": 16.364559173583984
  }
}