{
  "cka": {
    "layer_0": {
      "mean": 0.9493912855784098,
      "std": 0.0044629032740066445
    },
    "layer_1": {
      "mean": 0.9259469111760458,
      "std": 0.01613401516278987
    },
    "layer_2": {
      "mean": 0.9117691119511923,
      "std": 0.0101139832794099
    },
    "layer_3": {
      "mean": 0.9149227440357208,
      "std": 0.009148257454816242
    },
    "layer_4": {
      "mean": 0.9391328593095144,
      "std": 0.012162688792835304
    },
    "layer_5": {
      "mean": 0.9423636098702749,
      "std": 0.006299627613704763
    }
  },
  "mmcs": {
    "layer_0": {
      "mean": 0.8791239360968272,
      "std": 0.007577454374234189
    },
    "layer_1": {
      "mean": 0.8985795776049296,
      "std": 0.009898248062364336
    },
    "layer_2": {
      "mean": 0.8856583336989085,
      "std": 0.010769805247409977
    },
    "layer_3": {
      "mean": 0.8744377394517263,
      "std": 0.0056782076963900145
    },
    "layer_4": {
      "mean": 0.9111460347970327,
      "std": 0.005118149516970636
    },
    "layer_5": {
      "mean": 0.6820823848247528,
      "std": 0.003655791816457772
    }
  },
  "pr": {
    "layer_0": 5.961437702178955,
    "layer_1": 5.052957534790039,
    "layer_2": 5.850034713745117,
    "layer_3": 6.150605201721191,
    "layer_4": 7.11631441116333,
    "layer_5": 11.434286117553711
  },
  "val_ppl": {
    "per_seed": {
      "between_linear_r64_s0": 10.892438996718875,
      "between_linear_r64_s1": 11.230363935607393,
      "between_linear_r64_s2": 10.963344157972063,
      "between_linear_r64_s3": 11.455622474674275
    },
    "mean": 11.13544239124315,
    "std": 0.22371512971623367
  },
  "bottleneck_cka": {
    "bn_0": {
      "mean": 0.9285272657871246,
      "std": 0.009369190046274201
    },
    "bn_1": {
      "mean": 0.8951479196548462,
      "std": 0.01786034464187724
    },
    "bn_2": {
      "mean": 0.9051847259203593,
      "std": 0.010274833756457857
    },
    "bn_3": {
      "mean": 0.9177447060743967,
      "std": 0.013106546598474942
    },
    "bn_4": {
      "mean": 0.9329642653465271,
      "std": 0.013736792824075944
    }
  },
  "bottleneck_mmcs": {},
  "bottleneck_pr": {
    "bn_0": 5.971090316772461,
    "bn_1": 5.527775764465332,
    "bn_2": 5.779798984527588,
    "bn_3": 5.876981735229492,
    "bn_4": 6.667461395263672
  }
}