{
  "cka": {
    "layer_0": {
      "mean": 0.7388508419195811,
      "std": 0.09109834836910644
    },
    "layer_1": {
      "mean": 0.4684338793158531,
      "std": 0.19907052771231754
    },
    "layer_2": {
      "mean": 0.48901212215423584,
      "std": 0.2001659023802165
    },
    "layer_3": {
      "mean": 0.5502966394027075,
      "std": 0.1755989702257254
    },
    "layer_4": {
      "mean": 0.6034509042898814,
      "std": 0.08821179536617672
    },
    "layer_5": {
      "mean": 0.9389036993185679,
      "std": 0.025534992714171374
    }
  },
  "mmcs": {
    "layer_0": {
      "mean": 0.9293569227059683,
      "std": 0.019021730387784343
    },
    "layer_1": {
      "mean": 0.9584330419699351,
      "std": 0.01722190680559556
    },
    "layer_2": {
      "mean": 0.954990953207016,
      "std": 0.014956480610276494
    },
    "layer_3": {
      "mean": 0.958040585120519,
      "std": 0.009576450510578762
    },
    "layer_4": {
      "mean": 0.9476811985174814,
      "std": 0.005414024691111957
    },
    "layer_5": {
      "mean": 0.7497073610623678,
      "std": 0.01317591964016515
    }
  },
  "pr": {
    "layer_0": 3.490724563598633,
    "layer_1": 2.4385433197021484,
    "layer_2": 2.5280420780181885,
    "layer_3": 3.01021146774292,
    "layer_4": 5.056180000305176,
    "layer_5": 7.030755043029785
  },
  "bottleneck_cka": {
    "bn_0": {
      "mean": 0.6187584648529688,
      "std": 0.1498999661013444
    },
    "bn_1": {
      "mean": 0.4170393372575442,
      "std": 0.20219378346143974
    },
    "bn_2": {
      "mean": 0.461068054040273,
      "std": 0.21807682873726789
    },
    "bn_3": {
      "mean": 0.5180985530217489,
      "std": 0.2180613347178834
    },
    "bn_4": {
      "mean": 0.426227127512296,
      "std": 0.07601689677361559
    }
  },
  "bottleneck_mmcs": {
    "bn_0": {
      "mean": 0.6128835380077362,
      "std": 0.01859863266245605
    },
    "bn_1": {
      "mean": 0.5795134504636129,
      "std": 0.019237765674815017
    },
    "bn_2": {
      "mean": 0.514117976029714,
      "std": 0.04590217859440438
    },
    "bn_3": {
      "mean": 0.38483233253161114,
      "std": 0.01025945692122516
    },
    "bn_4": {
      "mean": 0.21338405708471933,
      "std": 0.019978724894151537
    }
  },
  "bottleneck_pr": {
    "bn_0": 2.183074951171875,
    "bn_1": 2.123218536376953,
    "bn_2": 2.2569825649261475,
    "bn_3": 2.375577688217163,
    "bn_4": 3.921581745147705
  }
}