{
  "cka": {
    "layer_0": {
      "mean": 0.7337289055188497,
      "std": 0.10115454292180989
    },
    "layer_1": {
      "mean": 0.4637593055764834,
      "std": 0.2028259157768808
    },
    "layer_2": {
      "mean": 0.48298658678929013,
      "std": 0.19428607921269223
    },
    "layer_3": {
      "mean": 0.5412841786940893,
      "std": 0.16715986209463174
    },
    "layer_4": {
      "mean": 0.6124853640794754,
      "std": 0.10194155899098875
    },
    "layer_5": {
      "mean": 0.9263255993525187,
      "std": 0.03652398627661465
    }
  },
  "mmcs": {
    "layer_0": {
      "mean": 0.9343426823616028,
      "std": 0.017974134126484697
    },
    "layer_1": {
      "mean": 0.960594892501831,
      "std": 0.01585809656092562
    },
    "layer_2": {
      "mean": 0.9553941786289215,
      "std": 0.015205661914449865
    },
    "layer_3": {
      "mean": 0.9521250029404958,
      "std": 0.01135491758572824
    },
    "layer_4": {
      "mean": 0.9489802122116089,
      "std": 0.007349036823759545
    },
    "layer_5": {
      "mean": 0.7491255005200704,
      "std": 0.01573436945845904
    }
  },
  "pr": {
    "layer_0": 3.401571750640869,
    "layer_1": 2.4040496349334717,
    "layer_2": 2.547593593597412,
    "layer_3": 2.9972352981567383,
    "layer_4": 4.9387125968933105,
    "layer_5": 6.971292018890381
  },
  "val_ppl": {
    "per_seed": {
      "between_relu_r64_s0": 20.458676078886874,
      "between_relu_r64_s1": 21.07085427917188,
      "between_relu_r64_s2": 22.740684373234895,
      "between_relu_r64_s3": 15.261665333085082
    },
    "mean": 19.88297001609468,
    "std": 2.7957778351209304
  },
  "bottleneck_cka": {
    "bn_0": {
      "mean": 0.6138340582450231,
      "std": 0.15328228982035172
    },
    "bn_1": {
      "mean": 0.40952183802922565,
      "std": 0.21444149964771653
    },
    "bn_2": {
      "mean": 0.4485163018107414,
      "std": 0.21532650466866995
    },
    "bn_3": {
      "mean": 0.4878791868686676,
      "std": 0.227261839801554
    },
    "bn_4": {
      "mean": 0.5171198844909668,
      "std": 0.0693840268386979
    }
  },
  "bottleneck_mmcs": {
    "bn_0": {
      "mean": 0.5994402170181274,
      "std": 0.01985706749378678
    },
    "bn_1": {
      "mean": 0.5546928544839224,
      "std": 0.031395508198064054
    },
    "bn_2": {
      "mean": 0.5120890438556671,
      "std": 0.048741015415013536
    },
    "bn_3": {
      "mean": 0.39080826938152313,
      "std": 0.02120726325856488
    },
    "bn_4": {
      "mean": 0.2277014752229055,
      "std": 0.016853555661684384
    }
  },
  "bottleneck_pr": {
    "bn_0": 2.0875473022460938,
    "bn_1": 2.0659844875335693,
    "bn_2": 2.263110399246216,
    "bn_3": 2.3178012371063232,
    "bn_4": 4.056238174438477
  }
}