{
  "cka": {
    "layer_0": {
      "mean": 0.9525342682997385,
      "std": 0.00818580799337976
    },
    "layer_1": {
      "mean": 0.9309228559335073,
      "std": 0.0066309508897620635
    },
    "layer_2": {
      "mean": 0.9217706223328909,
      "std": 0.010516813437666318
    },
    "layer_3": {
      "mean": 0.9138102432092031,
      "std": 0.0075355937265840205
    },
    "layer_4": {
      "mean": 0.8946292301019033,
      "std": 0.020629381017997564
    },
    "layer_5": {
      "mean": 0.9333506127198538,
      "std": 0.001924708700868593
    }
  },
  "mmcs": {
    "layer_0": {
      "mean": 0.8022552728652954,
      "std": 0.015527765124576789
    },
    "layer_1": {
      "mean": 0.7891938388347626,
      "std": 0.00729421739781799
    },
    "layer_2": {
      "mean": 0.7752193411191305,
      "std": 0.023402257907608373
    },
    "layer_3": {
      "mean": 0.6984069844086965,
      "std": 0.008621621607473888
    },
    "layer_4": {
      "mean": 0.6731818715731303,
      "std": 0.009878327857577255
    },
    "layer_5": {
      "mean": 0.5995277166366577,
      "std": 0.0033902318213882695
    }
  },
  "pr": {
    "layer_0": 14.866796493530273,
    "layer_1": 17.060564041137695,
    "layer_2": 19.18099594116211,
    "layer_3": 22.127389907836914,
    "layer_4": 22.657426834106445,
    "layer_5": 20.114852905273438
  },
  "val_ppl": {
    "per_seed": {
      "mlp_relu_r64_s0": 9.08672928310035,
      "mlp_relu_r64_s1": 9.067550494984955,
      "mlp_relu_r64_s2": 9.16802689745281,
      "mlp_relu_r64_s3": 9.346692004503012
    },
    "mean": 9.167249670010282,
    "std": 0.11025381365235644
  },
  "bottleneck_cka": {
    "bn_0": {
      "mean": 0.910830001036326,
      "std": 0.01851207417617805
    },
    "bn_1": {
      "mean": 0.8389306863149008,
      "std": 0.024135453323898284
    },
    "bn_2": {
      "mean": 0.7084186673164368,
      "std": 0.059087714296009945
    },
    "bn_3": {
      "mean": 0.5886258880297343,
      "std": 0.052771152279264134
    },
    "bn_4": {
      "mean": 0.6245650351047516,
      "std": 0.016496268456645476
    },
    "bn_5": {
      "mean": 0.6994476715723673,
      "std": 0.09685297759080319
    }
  },
  "bottleneck_mmcs": {
    "bn_0": {
      "mean": 0.8778391182422638,
      "std": 0.014143928328610854
    },
    "bn_1": {
      "mean": 0.5600636800130209,
      "std": 0.020262574317845835
    },
    "bn_2": {
      "mean": 0.513339231411616,
      "std": 0.01937022967470536
    },
    "bn_3": {
      "mean": 0.41736280421415967,
      "std": 0.01866976315286726
    },
    "bn_4": {
      "mean": 0.4299912403027217,
      "std": 0.016550681882014435
    },
    "bn_5": {
      "mean": 0.5329482058684031,
      "std": 0.017483558926766972
    }
  },
  "bottleneck_pr": {
    "bn_0": 4.967987060546875,
    "bn_1": 4.966875076293945,
    "bn_2": 8.163346290588379,
    "bn_3": 7.966629981994629,
    "bn_4": 8.526988983154297,
    "bn_5": 7.688223361968994
  }
}