{
  "cka": {
    "layer_0": {
      "mean": 0.9443461696306864,
      "std": 0.004628360267701162
    },
    "layer_1": {
      "mean": 0.9272286891937256,
      "std": 0.005165378791971713
    },
    "layer_2": {
      "mean": 0.9157492717107137,
      "std": 0.011065599460891393
    },
    "layer_3": {
      "mean": 0.9144399563471476,
      "std": 0.005268388479821082
    },
    "layer_4": {
      "mean": 0.880057285229365,
      "std": 0.01802931839938077
    },
    "layer_5": {
      "mean": 0.9295271635055542,
      "std": 0.0018314207793534963
    }
  },
  "mmcs": {
    "layer_0": {
      "mean": 0.7966050306955973,
      "std": 0.02427952391833924
    },
    "layer_1": {
      "mean": 0.755638043085734,
      "std": 0.01089558417136148
    },
    "layer_2": {
      "mean": 0.7619693279266357,
      "std": 0.01670147298595081
    },
    "layer_3": {
      "mean": 0.7097210089365641,
      "std": 0.009625369004939597
    },
    "layer_4": {
      "mean": 0.6547657350699106,
      "std": 0.0035392037295756637
    },
    "layer_5": {
      "mean": 0.5868991216023763,
      "std": 0.003386066984918534
    }
  },
  "pr": {
    "layer_0": 15.246631622314453,
    "layer_1": 17.470014572143555,
    "layer_2": 20.361309051513672,
    "layer_3": 22.44601821899414,
    "layer_4": 23.93950080871582,
    "layer_5": 20.743350982666016
  },
  "val_ppl": {
    "per_seed": {
      "mlp_linear_r64_s0": 8.976163868844196,
      "mlp_linear_r64_s1": 8.951600200615436,
      "mlp_linear_r64_s2": 9.210449872038891,
      "mlp_linear_r64_s3": 9.336438149784426
    },
    "mean": 9.118663022820739,
    "std": 0.16129695212609946
  },
  "bottleneck_cka": {
    "bn_0": {
      "mean": 0.8796824117501577,
      "std": 0.03452070148336329
    },
    "bn_1": {
      "mean": 0.9242967665195465,
      "std": 0.01572402782656889
    },
    "bn_2": {
      "mean": 0.772769550482432,
      "std": 0.06313392026597137
    },
    "bn_3": {
      "mean": 0.741021732489268,
      "std": 0.049743088633673535
    },
    "bn_4": {
      "mean": 0.8031054039796194,
      "std": 0.020884138420839835
    },
    "bn_5": {
      "mean": 0.772658109664917,
      "std": 0.06682511999583117
    }
  },
  "bottleneck_mmcs": {},
  "bottleneck_pr": {
    "bn_0": 6.118290424346924,
    "bn_1": 3.5633745193481445,
    "bn_2": 6.827735900878906,
    "bn_3": 8.185636520385742,
    "bn_4": 7.905238151550293,
    "bn_5": 7.367984294891357
  }
}