{
  "cka": {
    "layer_0": {
      "mean": 0.9512060681978861,
      "std": 0.00825416609575456
    },
    "layer_1": {
      "mean": 0.9291463394959768,
      "std": 0.007461188086248374
    },
    "layer_2": {
      "mean": 0.9231581091880798,
      "std": 0.011336457484378556
    },
    "layer_3": {
      "mean": 0.9191785355408987,
      "std": 0.005209806624276654
    },
    "layer_4": {
      "mean": 0.8765924274921417,
      "std": 0.0318790921924682
    },
    "layer_5": {
      "mean": 0.9325114190578461,
      "std": 0.0018118997405582283
    }
  },
  "mmcs": {
    "layer_0": {
      "mean": 0.8078146080176035,
      "std": 0.014917364359375743
    },
    "layer_1": {
      "mean": 0.7892051140467325,
      "std": 0.00839228631221235
    },
    "layer_2": {
      "mean": 0.7767878572146097,
      "std": 0.02347036351543848
    },
    "layer_3": {
      "mean": 0.7013146579265594,
      "std": 0.010018938888794722
    },
    "layer_4": {
      "mean": 0.666416863600413,
      "std": 0.010329682564896319
    },
    "layer_5": {
      "mean": 0.5992111066977183,
      "std": 0.003807044242896486
    }
  },
  "pr": {
    "layer_0": 14.663228988647461,
    "layer_1": 16.95951271057129,
    "layer_2": 18.937572479248047,
    "layer_3": 21.936731338500977,
    "layer_4": 22.240585327148438,
    "layer_5": 20.29685401916504
  },
  "val_ppl": {
    "per_seed": {
      "mlp_relu_r64_s0": 9.082209408753316,
      "mlp_relu_r64_s1": 9.071083485705987,
      "mlp_relu_r64_s2": 9.184038903806988,
      "mlp_relu_r64_s3": 9.359938577445265
    },
    "mean": 9.174317593927888,
    "std": 0.11585643299386528
  },
  "bottleneck_cka": {
    "bn_0": {
      "mean": 0.9026654660701752,
      "std": 0.030066480315046395
    },
    "bn_1": {
      "mean": 0.844600111246109,
      "std": 0.02432513328721461
    },
    "bn_2": {
      "mean": 0.7382622162501017,
      "std": 0.03426628173309265
    },
    "bn_3": {
      "mean": 0.6284462213516235,
      "std": 0.08443034290005996
    },
    "bn_4": {
      "mean": 0.5973658512036005,
      "std": 0.07112921255907052
    },
    "bn_5": {
      "mean": 0.7343533933162689,
      "std": 0.04847208420901996
    }
  },
  "bottleneck_mmcs": {
    "bn_0": {
      "mean": 0.881216416756312,
      "std": 0.012584060489468571
    },
    "bn_1": {
      "mean": 0.5755127271016439,
      "std": 0.02469059718558763
    },
    "bn_2": {
      "mean": 0.5087096393108368,
      "std": 0.024304626579649956
    },
    "bn_3": {
      "mean": 0.41090505321820575,
      "std": 0.016881132434766452
    },
    "bn_4": {
      "mean": 0.43447260061899823,
      "std": 0.024474063171942766
    },
    "bn_5": {
      "mean": 0.536851609746615,
      "std": 0.02337268119019754
    }
  },
  "bottleneck_pr": {
    "bn_0": 4.919090270996094,
    "bn_1": 5.173081398010254,
    "bn_2": 7.809927940368652,
    "bn_3": 7.800206661224365,
    "bn_4": 7.597468376159668,
    "bn_5": 7.313717365264893
  }
}